marketplaceId,packageName,displayName,releaseAssetFileName,sourceInstallationFile,sizeBytes,sha256,downloadedAt
v59,Twitch,Twitch,5_10_4_9c9082ab73.lplug4,https://marketplace.logitech.com/resources/1/5_10_4_9c9082ab73.lplug4,1360886,1f417acdf3600214bf5ed88d74a7360fde409554f47ff1df847b4ffe1bfc2672,2026-09-09T07:42:35.009Z
v59,ObsStudio,OBS Studio,5_10_5_dd9fe957a4.lplug4,https://marketplace.logitech.com/resources/1/5_10_5_dd9fe957a4.lplug4,3455191,f0e7eec91adf87e07b0e272c0454492d89e763e48fcb621caf4497d73d08c6e3,2026-09-09T07:42:20.679Z
v59,Ableton,Ableton Live,Ableton_5b5fe319fe.lplug4,https://marketplace.logitech.com/resources/1/Ableton_5b5fe319fe.lplug4,152324,094c6337da832faf548fad5ec7bf73348ee301e5c6f9bd68289e8dff6ea00a99,2026-09-09T07:41:59.971Z
v59,AbletonLiveIconSampler,Ableton Live Icon Sampler,Ableton_Live_Icon_Sampler_1_0_49bb032b5d.licons,https://marketplace.logitech.com/resources/1/Ableton_Live_Icon_Sampler_1_0_49bb032b5d.licons,426518,66440e9a460e88da6d95357474f7a11cacd174a5834c181839f22a23a7c3507e,2026-09-09T07:40:55.467Z
v59,ACCESS365,Access 365 Icon Sample,ACCESS_365_1_0_0da0693625.licons,https://marketplace.logitech.com/resources/1/ACCESS_365_1_0_0da0693625.licons,132505,13b5225f85c01b3832e012bd4ad905f2b6c6a2be75ba7ca6c52c681bbb9a0b63,2026-09-09T07:40:58.025Z
v59,AffinityDesignerIconSampler,Affinity Designer Icon Sampler,Affinity_Designer_Icon_Sampler_1_0_d2c91a6444.licons,https://marketplace.logitech.com/resources/1/Affinity_Designer_Icon_Sampler_1_0_d2c91a6444.licons,410202,8044e36d03288084c048308d0b3011834153e4441a0f3097e632c20bfd7865f0,2026-09-09T07:40:58.670Z
v59,AffinityPhotoIconSampler,Affinity Photo Icon Sampler,Affinity_Photo_Icon_Sampler_1_0_2f5704ce67.licons,https://marketplace.logitech.com/resources/1/Affinity_Photo_Icon_Sampler_1_0_2f5704ce67.licons,474542,8c765dc379a94062d20b914cf893a039317cc7460bb7e9d36a380745cb9fb610,2026-09-09T07:40:59.425Z
v59,AfterEffectsIconSampler,After Effects Icon Sampler,After_Effects_Icon_Sampler_1_0_89a0f3d597.licons,https://marketplace.logitech.com/resources/1/After_Effects_Icon_Sampler_1_0_89a0f3d597.licons,488961,4a47dd3c0538e02cdd80c5e3a464fc9d8f8e5060e09322e0e14e3420d2f52c00,2026-09-09T07:41:00.208Z
v59,BlerpAirhorn,Air Horn Soundpack,airhorn_blerp_soundpack_3f66c913f9.lsounds,https://marketplace.logitech.com/resources/1/airhorn_blerp_soundpack_3f66c913f9.lsounds,116374,9f54810ca0e89936490ee0187bee73f737e521ca71d63242eec72718c7fc31d3,2026-09-09T07:43:21.640Z
v59,AnimatedGIFIconSample,Animated GIF Icon Sample,Animated_GIF_Icon_Sample_1_0_f3b607d9a5.licons,https://marketplace.logitech.com/resources/1/Animated_GIF_Icon_Sample_1_0_f3b607d9a5.licons,23158334,6cb051024ba0a95eb9b78d6f15e57ae6c0355f10d7a6a2e97e9d5dcaa40f4652,2026-09-09T07:41:00.961Z
v59,ArrowsIconSample,Arrows Icon Sample,Arrows_Icon_Sample_1_0_5b436432d4.licons,https://marketplace.logitech.com/resources/1/Arrows_Icon_Sample_1_0_5b436432d4.licons,154943,353872f302d32ea3c0b46618e60620ead064017b81b3a5ac714a8a269bf36b43,2026-09-09T07:41:05.025Z
v59,AssettoCorsaCompetizione,Assetto Corsa Competizione,Assetto_Corsa_Competizione_f9de4d17f8.lp5,https://marketplace.logitech.com/resources/1/Assetto_Corsa_Competizione_f9de4d17f8.lp5,2004648,cc03536369e725f6b7709d5a8a37784a841c0ba08531b0b9686f75dc0824966b,2026-09-09T07:42:45.246Z
v59,Audacity,Audacity,Audacity_b2237d8c11.lp5,https://marketplace.logitech.com/resources/1/Audacity_b2237d8c11.lp5,166398,2b9c6147437df5cb79daaac16798608af6c5a0c35ccff8a553c05269c6219a5f,2026-09-09T07:42:46.160Z
v59,AudioControl,AudioControl,Audio_Control_1_0_0_b11d65b9ed.lplug4,https://marketplace.logitech.com/resources/3/Audio_Control_1_0_0_b11d65b9ed.lplug4,1974123,a07994c34bc4fab4a15a15bc90932a246691089ccdd4151c0942ddbf6a71fe80,2026-09-09T07:42:00.609Z
v59,AudioMixer,Razer Audio Mixer,Audio_Mixer_81256eaff3.lplug4,https://marketplace.logitech.com/resources/3/Audio_Mixer_81256eaff3.lplug4,3822212,5b35b1b9c819630067990d09228f45b358ea98b72246558ecc5e5db1ebc53e3a,2026-09-09T07:42:25.238Z
v59,AuditionIconSampler,Audition Icon Sampler,Audition_Icon_Sampler_1_0_c5f4b7b7c6.licons,https://marketplace.logitech.com/resources/1/Audition_Icon_Sampler_1_0_c5f4b7b7c6.licons,322602,04c999d73aa7d697c0f0d69eb7a428df9bd5e787a026372d23350b3bf3a7bc1d,2026-09-09T07:41:05.661Z
v59,MediaComposer,Media Composer,Avid_MC_Win_CT_53cddb0168.lp5,https://marketplace.logitech.com/resources/1/Avid_MC_Win_CT_53cddb0168.lp5,12182,1a3b2d56fe1053888e18c4202de46d7be9fab21f8783cc69e5996a1b53039ed6,2026-09-09T07:43:05.502Z
v59,AvidMediaComposerIconSampler,Avid Media Composer Icon Sampler,Avid_Media_Composer_Icon_Sampler_1_0_44c2408cae.licons,https://marketplace.logitech.com/resources/1/Avid_Media_Composer_Icon_Sampler_1_0_44c2408cae.licons,284922,5e5160f12707706d5f09d961e038ecad5d8492f6f7d21e7d4f8e9dc3d8475229,2026-09-09T07:41:06.377Z
v59,AwardStreamingIcons,Award Streaming Icons,Award_Streaming_Icons_1_0_3b9d7b56e8.licons,https://marketplace.logitech.com/resources/1/Award_Streaming_Icons_1_0_3b9d7b56e8.licons,2800761,d2e8b50547b8301a62a023f5ad86616ca7f888605f1445ea5cfe81be93028568,2026-09-09T07:41:07.049Z
v59,Awtrix3,AWTRIX 3,Awtrix3_1_0_e61d95dbf6.lplug4,https://marketplace.logitech.com/resources/3/Awtrix3_1_0_e61d95dbf6.lplug4,1974770,552ab01bc850eb1e4066b800e2eec2898cda39a196e3fc157b60697534e61bf4,2026-09-09T07:42:01.503Z
v59,Aximmetry,Aximmetry,Aximmetry_86671017b6.lplug4,https://marketplace.logitech.com/resources/1/Aximmetry_86671017b6.lplug4,1176891,d48d18d1bd8ffc37cf4313d073b5ec90a4ec71a6800962962a99221f86858892,2026-09-09T07:42:02.449Z
v59,BackgroundObjectIconsSampler,Background & Object Icons Sampler,Background_Object_Icons_Sampler_1_0_4790c5a29d.licons,https://marketplace.logitech.com/resources/1/Background_Object_Icons_Sampler_1_0_4790c5a29d.licons,9632059,dce3754dbe4e92a2c559be31441003b1b023e3653cbc77dc7ce1ced352515452,2026-09-09T07:41:07.999Z
v59,BaldursGate3LIVE,Baldurs Gate 3 (Live),Baldurs_Gate3_LIVE_5b6384ca7a.lp5,https://marketplace.logitech.com/resources/1/Baldurs_Gate3_LIVE_5b6384ca7a.lp5,1916617,d3dee560801172cb46f449fb1d9617572ee0b3eb887be431c3a216431e24c658,2026-09-09T07:42:47.701Z
v59,BaldursGate3,Baldurs Gate 3 (Live S),Baldurs_Gate3_LIVES_d227391a73.lp5,https://marketplace.logitech.com/resources/1/Baldurs_Gate3_LIVES_d227391a73.lp5,1916613,00c1b4a16c4a103be54f44fbcdf776270bd974e0f8a1d2ceb505d711cd418661,2026-09-09T07:42:46.777Z
v59,BirdDogCamControl,BirdDogCamControl,Bird_Dog_Cam_Control_154da75e32.lplug4,https://marketplace.logitech.com/resources/1/Bird_Dog_Cam_Control_154da75e32.lplug4,1567811,a1ea94fe908522385f56da9f5173d12b5a2d96605f8dcc07257c07c574283cfb,2026-09-09T07:42:02.985Z
v59,BladeStreamingIconSampler,Blade Streaming Icons,Blade_Streaming_Icon_Sampler_1_0_ec1613eabc.licons,https://marketplace.logitech.com/resources/1/Blade_Streaming_Icon_Sampler_1_0_ec1613eabc.licons,1026809,14bbc6655383e32fbf6f9c75dae55b073e53daba34f2ecaa48a5722ac66ef04e,2026-09-09T07:41:11.193Z
v59,BlenderIconSampler,Blender Icon Sampler,Blender_Icon_Sampler_1_0_8075e6b378.licons,https://marketplace.logitech.com/resources/1/Blender_Icon_Sampler_1_0_8075e6b378.licons,322702,5a1cb3616aa4c7c838cc3e0b2a11c6ab05c94b6e61b223c62db1df52f3874edd,2026-09-09T07:41:12.085Z
v59,BtcValue,BtcValue,Btc_Value_295ecc160c.lplug4,https://marketplace.logitech.com/resources/1/Btc_Value_295ecc160c.lplug4,171825,7125a12d66128793511385cbd8d202993e4485a47701573b2626d73bf282ce12,2026-09-09T07:42:03.825Z
v59,BZBGEAR,BZBGEAR,BZBGEAR_a56001d08f.lplug4,https://marketplace.logitech.com/resources/1/BZBGEAR_a56001d08f.lplug4,4013969,57c6a5548fee13e9fa656623954ce06ddf092e055a8f07fc03b026d3f69fd6ae,2026-09-09T07:42:04.727Z
v59,CaptureOneIconSampler,Capture One Icon Sampler,Capture_One_Icon_Sampler_1_0_62515afbeb.licons,https://marketplace.logitech.com/resources/1/Capture_One_Icon_Sampler_1_0_62515afbeb.licons,375304,56c7a7e769fb327778b1ba127bc2d3b41e962fa82babe0e6bf974b71e66aaeb1,2026-09-09T07:41:12.748Z
v59,CarDashboard,Car Dashboard,Car_Dashboard_1_0_cfdbbc164c.licons,https://marketplace.logitech.com/resources/1/Car_Dashboard_1_0_cfdbbc164c.licons,139706,21a22fb27259265ba1582cb79e2b644fc778eb80e129126ebac248bc8e621e45,2026-09-09T07:41:13.489Z
v59,Chromecast,Chromecast,Chromecast_e745062a05.lplug4,https://marketplace.logitech.com/resources/1/Chromecast_e745062a05.lplug4,1014493,4ac8296796dd16e1512549466301e5612e7130e1e0810ec479ce39e9d308c036,2026-09-09T07:42:05.755Z
v59,Cinema4DIconSampler,Cinema 4D Icon Sampler,Cinema4_D_Icon_Sampler_1_0_f16da657a2.licons,https://marketplace.logitech.com/resources/1/Cinema4_D_Icon_Sampler_1_0_f16da657a2.licons,752745,be1479aa9d455fa345f3fd508ba31b3fa86338c199daceec8fa5bd3f5cfea11a,2026-09-09T07:41:14.107Z
v59,CinemaGrade,Cinema Grade,cinemagrade_678abbe53f.lp5,https://marketplace.logitech.com/resources/cinemagrade_678abbe53f.lp5,175203,6b2d640a7193a97539465f7e31994f127cafae4962d0cda535c4accb50de60f7,2026-09-09T07:42:49.779Z
v59,Civilization6LIVE,Civilization 6 (Live),Civilization6_LIVE_648e7e1df4.lp5,https://marketplace.logitech.com/resources/1/Civilization6_LIVE_648e7e1df4.lp5,5086210,f474cf595b676f1ea88b9f248afe99ffc350bd30c7fc5de5e919483d51bb9f8d,2026-09-09T07:42:51.626Z
v59,Civilization6,Civilization 6 (Live S),Civilization6_LIVES_7c2ab723b0.lp5,https://marketplace.logitech.com/resources/1/Civilization6_LIVES_7c2ab723b0.lp5,5085414,8c6a43e618036a77fe7bcde00eb7bb28b06db3ea202555587f895559ea3c5d84,2026-09-09T07:42:50.450Z
v59,ClipStudioPaint,Clip Studio Paint,Clip_Studio_Paint_d9e3c4f6c3.lp5,https://marketplace.logitech.com/resources/1/Clip_Studio_Paint_d9e3c4f6c3.lp5,38491,1dd58966899a922dca5d9084b637c99aa1d814ab91223e12284b5d94399f0778,2026-09-09T07:42:52.969Z
v59,ColorMatrixAreas,Color Matrix Areas,Color_Matrix_Areas_1_0_e0c8ad9038.licons,https://marketplace.logitech.com/resources/1/Color_Matrix_Areas_1_0_e0c8ad9038.licons,16952,f744addab64bf7008b9eef8cdff80b334316e09ce1c17272937d69afacc705da,2026-09-09T07:41:14.898Z
v59,Companion,Companion Plugin,Companion_bf9d5d91ae.lplug4,https://marketplace.logitech.com/resources/1/Companion_bf9d5d91ae.lplug4,1799776,27044b083118d527786f53ddd53541e3a38e8de05fe53ed89bc5ec08bf69c8f7,2026-09-09T07:42:06.621Z
v59,CorelDraw,CorelDRAW,Corel_Draw_cdfd1a35c4.lplug4,https://marketplace.logitech.com/resources/1/Corel_Draw_cdfd1a35c4.lplug4,2860843,e4b51350b1e4226423a6c75c6f1a9c4492f13f6e05b0396d9bab407e3801878f,2026-09-09T07:42:07.508Z
v59,CountryFlags,Country Flags Icon Sample,Country_Flags_976e3a539a.licons,https://marketplace.logitech.com/resources/1/Country_Flags_976e3a539a.licons,114078,b5168edd5bd42c4c1b553c137a28f1a1a3590b4833dc3d3541baef5b348f7aeb,2026-09-09T07:41:16.366Z
v59,CS2,Counter-Strike 2 Icons,CS_2_a7e1ba4417.licons,https://marketplace.logitech.com/resources/1/CS_2_a7e1ba4417.licons,2851516,9c6f594a3fb27ca17ac0e957fe5e29aa0ba9009a217091b2b9bf38f5b56c3546,2026-09-09T07:41:15.360Z
v59,AbletonLiveProfile,Ableton Live Profile,CT_Ableton_heartbreak_67188c6aac.lp5,https://marketplace.logitech.com/resources/1/CT_Ableton_heartbreak_67188c6aac.lp5,31886,e098129770eb2068222370eeba4bb5a869417c092e4a64c22927d491eeaaa65d,2026-09-09T07:42:43.379Z
v59,LightroomCC,Lightroom CC,CT_Adobe_Lightroom_CC_No_Plugins_42717e2376.lp5,https://marketplace.logitech.com/resources/1/CT_Adobe_Lightroom_CC_No_Plugins_42717e2376.lp5,576553,62307aa365fb19d28c03b83e95cc6671c7631eba7ef2e8cc9070b8380f9d6ac3,2026-09-09T07:43:03.709Z
v59,AffinityDesigner,Affinity Designer,CT_Affinity_Designer_Jenny_Win_7476b6c988.lp5,https://marketplace.logitech.com/resources/1/CT_Affinity_Designer_Jenny_Win_7476b6c988.lp5,159934,150650c85e7a8ebee51f70629e2f2328aeb10d3f112b6b9e0ad29c2334a0cf4b,2026-09-09T07:42:43.921Z
v59,AffinityPhoto,Affinity Photo,CT_Affinity_Photo_Win_dd0b760e95.lp5,https://marketplace.logitech.com/resources/1/CT_Affinity_Photo_Win_dd0b760e95.lp5,223955,c59e20ae5618d0041de1dc8b11764f9080c98a7eb26eab2ff97aae00fe2959cc,2026-09-09T07:42:44.538Z
v59,Blender,Blender,CT_Blender_Keith_O_Donnel_Win_684c7436dc.lp5,https://marketplace.logitech.com/resources/1/CT_Blender_Keith_O_Donnel_Win_684c7436dc.lp5,6763,503d112e5c63fd9182ec2c70217a1e66ba8f00ebbd15012abed56358b5b84a49,2026-09-09T07:42:48.666Z
v59,Cinema4D,Cinema 4D,CT_Cinema4_D_Win_19f36fe05b.lp5,https://marketplace.logitech.com/resources/1/CT_Cinema4_D_Win_19f36fe05b.lp5,101529,c2bfb4c231a13e32099da4fd606fc74701a4d6d962894f4c226377e943356a59,2026-09-09T07:42:49.117Z
v59,Cubase,Cubase,CT_Cubase_Pro_da30ed06b9.lp5,https://marketplace.logitech.com/resources/1/CT_Cubase_Pro_da30ed06b9.lp5,16595,67bcf4a8a4f4d1e21c85c5d78b1839061ce5e3a4d76cd2a10c49009627b9d046,2026-09-09T07:42:53.448Z
v59,MSExcel,Excel,CT_Excel_Win_2beec0e078.lp5,https://marketplace.logitech.com/resources/1/CT_Excel_Win_2beec0e078.lp5,83663,b4f2cb58c864be7fdc902dfe140398e84a7e245b2bc7c9326093f1d3fc241006,2026-09-09T07:42:56.638Z
v59,Figma,Figma,CT_Figma_DT_Mac_Anton_M_0f47405382.lp5,https://marketplace.logitech.com/resources/1/CT_Figma_DT_Mac_Anton_M_0f47405382.lp5,6589,ada64974cea924ade55c86cfd6fca0806115d8760929ff19558475a6750f7988,2026-09-09T07:42:58.611Z
v59,Filmora,Filmora,CT_Filmora_Win_c03f63959d.lp5,https://marketplace.logitech.com/resources/1/CT_Filmora_Win_c03f63959d.lp5,7153,914879de727fd620d36db2462860908881a63040111cdac8767008b51a3facc9,2026-09-09T07:42:59.050Z
v59,FreeCommander,FreeCommander,CT_Free_Commander_Andreas_Brauner_8e82285e18.lp5,https://marketplace.logitech.com/resources/1/CT_Free_Commander_Andreas_Brauner_8e82285e18.lp5,8498,23e399378188a5a87bb607ca63120a538a573982b5575879f247d8cfa80e8a00,2026-09-09T07:43:00.694Z
v59,GarageBand,GarageBand,CT_Garageband_Mac_8c9e5550e4.lp5,https://marketplace.logitech.com/resources/1/CT_Garageband_Mac_8c9e5550e4.lp5,8762,f4389042337b336238969759cc01edc3265f2fb7f6bf9e82fe16b2768078719e,2026-09-09T07:43:01.149Z
v59,Gimp,Gimp,CT_Gimp_Jenny_M_Win_2a26d6184e.lp5,https://marketplace.logitech.com/resources/1/CT_Gimp_Jenny_M_Win_2a26d6184e.lp5,7830,e1cab231f77a4a021cb29a3a0d268e308d3f272c9bbed562550d6aaa0c182de1,2026-09-09T07:43:01.462Z
v59,IzotopeRX9,RX 9,CT_Izotope_RX_9_5e5db49ab2.lp5,https://marketplace.logitech.com/resources/1/CT_Izotope_RX_9_5e5db49ab2.lp5,14062,30b2e3cc3da26d628368a5e940bdad1f4dc4d0185a3e93b2f4f6132d98faf014,2026-09-09T07:43:14.436Z
v59,Luminar,Luminar,CT_Luminar_Win_0168d754f3.lp5,https://marketplace.logitech.com/resources/1/CT_Luminar_Win_0168d754f3.lp5,15558,f5b052ca7d4b4d80231ca19a433f1e507b8404df62c142dc3a7da3043bbe7f90,2026-09-09T07:43:04.997Z
v59,Notion,Notion,CT_Notion_ea1c770f01.lp5,https://marketplace.logitech.com/resources/1/CT_Notion_ea1c770f01.lp5,5065,4582db1a2197442db373e3d6ba51d15f4295c109efba711668a2646356e8c2fe,2026-09-09T07:43:05.943Z
v59,Nuke,Nuke,CT_Nuke_MAC_31232c7603.lp5,https://marketplace.logitech.com/resources/1/CT_Nuke_MAC_31232c7603.lp5,104337,e8ebea02793853f2f752875e84dda69323a2d5c3d2e97916adb1cdbaeeea2c4f,2026-09-09T07:43:06.404Z
v59,MSOutlook,Outlook,CT_Outlook_Win_42f1466eb2.lp5,https://marketplace.logitech.com/resources/1/CT_Outlook_Win_42f1466eb2.lp5,15384,970dbb970039a24e1e628de4ab4bd5f7b8e254a5d081b5ce4e0421214371ed4a,2026-09-09T07:43:07.077Z
v59,PhotoshopProfile,Photoshop Profile,CT_Photoshop_Jenny_Simple_Win_2240dad93c.lp5,https://marketplace.logitech.com/resources/1/CT_Photoshop_Jenny_Simple_Win_2240dad93c.lp5,25337,558803737922b5114b6f898fe472ee3128149d8733d70ad9817ba8a55001ad49,2026-09-09T07:43:08.017Z
v59,PowerDirector,Power Director,CT_Power_Director_Win_da05622cea.lp5,https://marketplace.logitech.com/resources/1/CT_Power_Director_Win_da05622cea.lp5,10883,31dffe3f235e0d3ba75402daf9693b220f6c3006afed0a6421d7a97cd931ac79,2026-09-09T07:43:10.066Z
v59,PremierePro,Premiere Pro,CT_Premiere_Pro_4_3_ea_v1_Eugene_Afanasiev_Win_00f2ed7113.lp5,https://marketplace.logitech.com/resources/1/CT_Premiere_Pro_4_3_ea_v1_Eugene_Afanasiev_Win_00f2ed7113.lp5,25484,c1c1c6f124c6a5f3f4120eb1eebc7f7453b01452f22a9521b0ba408aa02f42e8,2026-09-09T07:43:10.933Z
v59,PremierePro2,Premiere Pro,CT_Premiere_Pro_Andreas_Brauner_v2_059343bc0e.lp5,https://marketplace.logitech.com/resources/1/CT_Premiere_Pro_Andreas_Brauner_v2_059343bc0e.lp5,23839,60631c7eea0a48c10aa557128a3b149daa14d52505afc062b2aa221bf02e46ab,2026-09-09T07:43:11.462Z
v59,PresonusStudioOne,StudioOne,CT_Presonus_Studio_One_023c20e060.lp5,https://marketplace.logitech.com/resources/1/CT_Presonus_Studio_One_023c20e060.lp5,70414,f6d7e2f585014bd9fa89dbfff6756059fa6fb229b4353cca0164808c31fc656b,2026-09-09T07:43:16.772Z
v59,Reason,Reason,CT_Reason_Les_Titford_Win_22a9e804ff.lp5,https://marketplace.logitech.com/resources/1/CT_Reason_Les_Titford_Win_22a9e804ff.lp5,63525,6691ea25a131fed5481e610a41319cc7e5df0527205c1abc6c8599d3c98b4368,2026-09-09T07:43:13.948Z
v59,Resolve1,DaVinci Resolve,CT_Resolve_Jenny_Win_c2d85d6b9e.lp5,https://marketplace.logitech.com/resources/1/CT_Resolve_Jenny_Win_c2d85d6b9e.lp5,320272,6b675aa56b276eda3b1991af0e8f4b941a45691820abfb8bd81a8446606a7496,2026-09-09T07:42:54.391Z
v59,SeratoDJPro,Serato DJ Pro,CT_Serato_DJ_Pro_2e9aabf8d9.lp5,https://marketplace.logitech.com/resources/1/CT_Serato_DJ_Pro_2e9aabf8d9.lp5,4148,359120f638e2c009a062f67713b41eff774779a5b879cd0176ad936921ee2e4a,2026-09-09T07:43:14.962Z
v59,SubstancePainter,Substance 3D Painter,CT_Sustance_Painter_Jenny_Win_c68decaed7.lp5,https://marketplace.logitech.com/resources/1/CT_Sustance_Painter_Jenny_Win_c68decaed7.lp5,6646,25655af54a2715a8fb188781fe8273744b528dcd11602c5b3ab306f8975f356f,2026-09-09T07:43:17.333Z
v59,VegasPro,Vegas Pro,CT_Vegas_Pro_Jenny_Win_44506430c9.lp5,https://marketplace.logitech.com/resources/1/CT_Vegas_Pro_Jenny_Win_44506430c9.lp5,9794,30161a0abe768589f0fd1223112c4b4b20e09ee2a7d9fac6a939242e9f2fdd09,2026-09-09T07:43:18.245Z
v59,ZBrush,ZBrush,CT_Zbrush_Pauli_S_MAC_d5a7001858.lp5,https://marketplace.logitech.com/resources/1/CT_Zbrush_Pauli_S_MAC_d5a7001858.lp5,7507,ca7929581597dc4944338e6a8a7132b76a34a9c3a29a5e3dc7f3edf3594b43e0,2026-09-09T07:43:21.188Z
v59,CubaseIconSampler,Cubase Icon Sampler,Cubase_Icon_Sampler_1_0_07ee7179ac.licons,https://marketplace.logitech.com/resources/1/Cubase_Icon_Sampler_1_0_07ee7179ac.licons,631195,1e5009a7218754f0d6b3fdf1b090da54b4282056b54f00bdabae20c11c4204b2,2026-09-09T07:41:17.010Z
v59,Darktable,Darktable,Darktable_CT_Win_0666d408d4.lp5,https://marketplace.logitech.com/resources/1/Darktable_CT_Win_0666d408d4.lp5,43084,eb67a2d7c417087deac3605a4a826a0e7db6df8196459d7d9c70f398c0b2d0fd,2026-09-09T07:42:53.888Z
v59,DavinciResolveIconSampler,Davinci Resolve Icon Sampler,Davinci_Resolve_Icon_Sampler_1_0_a7ef22fa87.licons,https://marketplace.logitech.com/resources/1/Davinci_Resolve_Icon_Sampler_1_0_a7ef22fa87.licons,516436,b928b7309e73762d1ad24d8094d6a8ddb7dec3c926dd8e9361891903a82dcbcb,2026-09-09T07:41:17.789Z
v59,DialStripsIconSample,Dial Strips Icon Sample,Dial_Strips_Icon_Sample_1_0_70bcf4ae20.licons,https://marketplace.logitech.com/resources/1/Dial_Strips_Icon_Sample_1_0_70bcf4ae20.licons,1010902,6c355a60bec18a11350d2526fedf2287e5684a2019781ad14bb80bd5b5971147,2026-09-09T07:41:18.567Z
v59,Discord,Discord,Discord_1_0_1_594490_7ff6df129d.lplug4,https://marketplace.logitech.com/resources/1/Discord_1_0_1_594490_7ff6df129d.lplug4,2751426,13b48a57937ee5a78fee18ec2f2ef4cb3fd34f680ad2daa154ee69d01876c223,2026-09-09T07:42:08.558Z
v59,ElgatoControl,Elgato Control (Lights),Elgato_Control_Plugin_7a43b2a3d8.lplug4,https://marketplace.logitech.com/resources/1/Elgato_Control_Plugin_7a43b2a3d8.lplug4,1903894,afb65cf06f8c41db634a978d1de2bd06dce77199bb1e770b8acbc827818e882a,2026-09-09T07:42:10.380Z
v59,EuroTruckSimulator2,Euro Truck Simulator 2,Euro_Truck_Simulator_2_042468f1b0.lp5,https://marketplace.logitech.com/resources/1/Euro_Truck_Simulator_2_042468f1b0.lp5,543819,865af0b1f558965cf79cdc29840ac7430508ff96d86c4ade8a49b62ff7cbf0f6,2026-09-09T07:42:55.847Z
v59,ExcireFoto2ENG,Excire Foto 2024 (ENG),Excire_Foto2_00fa0780af.lp5,https://marketplace.logitech.com/resources/1/Excire_Foto2_00fa0780af.lp5,229517,9d0d6e3d2fd647c3f0396c7038dfa17d3d45899fa9f120f99d75bb3940efc6e8,2026-09-09T07:42:57.925Z
v59,ExcireFoto2,Excire Foto 2024 (DE),Excire_Foto2_5f1b7a093b.lp5,https://marketplace.logitech.com/resources/Excire_Foto2_5f1b7a093b.lp5,210922,59b5e5169e59779bcea0a0ddc09a94cb920c94fe3a487edac464f9a6925e817c,2026-09-09T07:42:57.230Z
v59,FarmingSimulator19-22,Farming Simulator 19-22,Farming_Simulator_19_22_1_0_bd93e42943.zip,https://marketplace.logitech.com/resources/1/Farming_Simulator_19_22_1_0_bd93e42943.zip,206202,a86bd2b9fd0759374293f32ca2e72b6c0097152c13b959ce8bf52540683381b2,2026-09-09T07:41:19.449Z
v59,FinalCutCP,Final Cut Pro with CommandPost,FCP_CP_5afadfc5b4.lp5,https://marketplace.logitech.com/resources/1/FCP_CP_5afadfc5b4.lp5,366185,8cb4366bbacaff2c0502dab8297ea0d329560207c2ecd53066a96293259c1e16,2026-09-09T07:42:59.993Z
v59,FinalCutPro,Final Cut Pro,FCP_simplified_13af9cf722.lp5,https://marketplace.logitech.com/resources/1/FCP_simplified_13af9cf722.lp5,9259,a494ae366ccc9e94d374c5cef0f50a29dbde146ea53d073e52ece73495868aeb,2026-09-09T07:42:59.544Z
v59,FileFormatIconSample,File Format Icon Sample,File_Format_Icon_Sample_1_0_16f3ffc66c.licons,https://marketplace.logitech.com/resources/1/File_Format_Icon_Sample_1_0_16f3ffc66c.licons,62340,bd96802c4827c7784ad4591bcfc87dcb9c32dc627a0d499f735c2784a8f8ec3f,2026-09-09T07:41:20.179Z
v59,FinalCutProIconSampler,Final Cut Pro Icon Sampler,Final_Cut_Pro_Icon_Sampler_1_0_a81bd0f9d1.licons,https://marketplace.logitech.com/resources/1/Final_Cut_Pro_Icon_Sampler_1_0_a81bd0f9d1.licons,555126,319fd0901fe21676307292b7932bea20a227d1fdab644f7e1f11143072046e31,2026-09-09T07:41:20.680Z
v59,FlightSim,Flight Sim,Flight_Sim_bb97989999.licons,https://marketplace.logitech.com/resources/1/Flight_Sim_bb97989999.licons,207984,2be533fa2001e1a1aa4f37a4355fa63fb14ff8bb2de42b72bdb419607dd17d8f,2026-09-09T07:41:21.438Z
v59,FOODFRUITS,Food & Fruits,FOODFRUITS_4eaa4ec199.licons,https://marketplace.logitech.com/resources/1/FOODFRUITS_4eaa4ec199.licons,970273,8026eb158bfa18a2749d76fd15187320c94824b6a44ec2d84645ba75d8c820ec,2026-09-09T07:41:22.153Z
v59,worldofwarcraft,World of Warcraft by Frostadamus,Frostadamus_World_of_Warcraft_Profile_2befc0ca7a.lp5,https://marketplace.logitech.com/resources/6/9/Frostadamus_World_of_Warcraft_Profile_2befc0ca7a.lp5,18097651,9ae137797ca8b42d3597553149140eb653fed4806ec0f4cd542617275c17313f,2026-09-09T07:43:19.212Z
v59,GreenAura,Green Aura,Green_Aura_1_0_09f7172544.licons,https://marketplace.logitech.com/resources/1/Green_Aura_1_0_09f7172544.licons,23571312,5518c50fd8ffac433579ab703dd4fbff78b9dd539229f4cbd0f88d587417f8b5,2026-09-09T07:41:24.851Z
v59,GTAVIcons,GTA V Hotkeys sample,GTAV_Icons_d2ce6089fc.licons,https://marketplace.logitech.com/resources/1/GTAV_Icons_d2ce6089fc.licons,142376,b58616d4554d51cf47bc23e2bb96fd8acc0feb858d6a5cded8bf0a140983ddbf,2026-09-09T07:41:29.137Z
v59,Ha,Home Assistant Websocket,Ha_cd38a4882c.lplug4,https://marketplace.logitech.com/resources/1/Ha_cd38a4882c.lplug4,1779349,6a946303aa49e41400ee94903bf79551997e8f58ec8c4c9690092b5d6fc93535,2026-09-09T07:42:12.681Z
v59,HazeOver,HazeOver Distraction Dimmer,Haze_Over_dd598c629c.lplug4,https://marketplace.logitech.com/resources/1/Haze_Over_dd598c629c.lplug4,57581,51dfd3b5a024e9ef0c3466aa9ce2b7cf6e3df4dff3bf926149846c9fd7120a45,2026-09-09T07:42:12.135Z
v59,Ifttt,IFTTT Webhooks,Ifttt_e29c23aba6.lplug4,https://marketplace.logitech.com/resources/1/Ifttt_e29c23aba6.lplug4,3010723,f2dca842ae4655fe0815d47c90bfcad149355345a0ab5cc7205927fdbfd96f55,2026-09-09T07:42:13.571Z
v59,IllustratorIconSampler,Illustrator Icon Sampler,Illustrator_Icon_Sampler_1_0_b8fc0c08db.licons,https://marketplace.logitech.com/resources/1/Illustrator_Icon_Sampler_1_0_b8fc0c08db.licons,392855,f42868c0c7dd6c3aa81dba7e950b2f005287c8756dd4808c0e73df246868d2d8,2026-09-09T07:41:29.759Z
v59,InDesign,InDesign,In_Design_CT_Win_49ba80b98d.lp5,https://marketplace.logitech.com/resources/1/In_Design_CT_Win_49ba80b98d.lp5,48037,b4aa04b32650c18d811cad7143db0d4b2a854c278f4fecc29854625b769547eb,2026-09-09T07:43:01.952Z
v59,Insta360,Insta360,Insta360_4fcb4b6f13.lp5,https://marketplace.logitech.com/resources/1/Insta360_4fcb4b6f13.lp5,250111,92c869e97d2900594e3faa4d06c1c62d8833cfb9d8a915464022e87c6c90c76c,2026-09-09T07:43:02.474Z
v59,KeyboardLayout,KEYBOARD LAYOUT Icon Sample,Keyboard_Layout_1_0_03a97e1f0a.licons,https://marketplace.logitech.com/resources/1/Keyboard_Layout_1_0_03a97e1f0a.licons,203631,3c0fd8f74e3fa62189eed9fb1e6aaca53d253838715488695d88ccfa31f9e112,2026-09-09T07:41:30.567Z
v59,KeylightChromaControl,Razer Key Light Chroma,Keylight_Chroma_Control_a5b6d2aa72.lplug4,https://marketplace.logitech.com/resources/1/Keylight_Chroma_Control_a5b6d2aa72.lplug4,3750915,7d6595470ae622f06472056d75380e7943c39e2fac593414d106556e765dbacb,2026-09-09T07:42:26.202Z
v59,KiyoProUltra,Razer Kiyo Pro Ultra,Kiyo_Pro_Ultra_e7bb0da50f.lplug4,https://marketplace.logitech.com/resources/1/Kiyo_Pro_Ultra_e7bb0da50f.lplug4,3738471,0e50ac3d8feeeb080666196a80deb1f2b20ed6c318f726f93ac29f0b3e89eabe,2026-09-09T07:42:27.288Z
v59,Krita,Krita,Krita_775ab7be62.lp5,https://marketplace.logitech.com/resources/1/Krita_775ab7be62.lp5,44822,2bdf64f65a68d8db248479e7e2b0a91df5bc33680f5dee90d2777a00fcafebd2,2026-09-09T07:43:03.191Z
v59,LibreHardwareMonitor,Libre Hardware Monitor,Libre_Hardware_Monitor_8dbea40b9f.lplug4,https://marketplace.logitech.com/resources/1/Libre_Hardware_Monitor_8dbea40b9f.lplug4,56716,e7e8f7a5f346bf6561dea34fa7b01b15e6f0f6969afdc42433e77afbf0335b2a,2026-09-09T07:42:14.544Z
v59,Lightroom,Lightroom Classic,Lightroom_Classic_1286c80e89.lplug4,https://marketplace.logitech.com/resources/3/Lightroom_Classic_1286c80e89.lplug4,2399324,292ec9594f5d86a533a1e7e72ff8589b3efa2d9c74d5a0c469d46d9949360019,2026-09-09T07:42:15.128Z
v59,LightroomClassicIconSampler,Lightroom Classic Icon Sampler,Lightroom_Classic_Icon_Sampler_1_0_19afbb9343.licons,https://marketplace.logitech.com/resources/1/Lightroom_Classic_Icon_Sampler_1_0_19afbb9343.licons,874538,dd6eea7faa8aec04eb4a46f8ae1f67489bd6c12005390cdf8f44e4aac5e1f373,2026-09-09T07:41:31.251Z
v59,Resolve2,DaVinci Resolve,Live_Resolve_Mac_44450f2a2f.lp5,https://marketplace.logitech.com/resources/1/Live_Resolve_Mac_44450f2a2f.lp5,450976,35c6923c17f247dee807a9c7c5ef103cf4f1f3cad55d0e17746ede0f92a5a154,2026-09-09T07:42:55.092Z
v59,Tower,Tower,Live_Tower_Mac_Ville_R_cc0f09504a.lp5,https://marketplace.logitech.com/resources/1/Live_Tower_Mac_Ville_R_cc0f09504a.lp5,2987,613d92171047df84fe8647e78e7df8e07573e7e8b932ec4b1a0659fb72475d70,2026-09-09T07:43:17.807Z
v59,VisualCode,Visual Studio Code,Live_Visual_Code_Mac_Ville_R_75607afcee.lp5,https://marketplace.logitech.com/resources/1/Live_Visual_Code_Mac_Ville_R_75607afcee.lp5,25372,066018633a1d9f075b494d0f6662f33f5e495965f5e3261d5a12aca9cc05c5af,2026-09-09T07:43:18.716Z
v59,LogicPro,Logic Pro,Logic_Pro_X_c967eed029.lp5,https://marketplace.logitech.com/resources/1/Logic_Pro_X_c967eed029.lp5,29268,62e93c289a710afe0b463fa334a0dce7cd6973e3a739bdfb344942f987e5bb85,2026-09-09T07:43:04.479Z
v59,LokeRoosPresetPack,Loke Roos Preset Pack,Loke_20_Loupedeck_20_LR_20_Presets_9e39e2756f.zip,https://marketplace.logitech.com/resources/1/Loke_20_Loupedeck_20_LR_20_Presets_9e39e2756f.zip,12238,98a9a8917666c47ad9f3280d102a79e3422ad1009b361f858e53c2c77c528287,2026-09-09T07:42:42.955Z
v59,LoupedeckBackgroundIcons,Loupedeck Text Background Icons,Loupedeck_Background_Icons_1888a5d4d2.licons,https://marketplace.logitech.com/resources/1/Loupedeck_Background_Icons_1888a5d4d2.licons,63826,f93f6c7b68528424264de049afcc188c1f1e0f41ce8aa8acc13ac0f9427e0295,2026-09-09T07:41:34.032Z
v59,LoupedeckCreativityIcons,Loupedeck Creativity Icons,Loupedeck_Creativity_Icons_1_0_0_deb7a7f9f6.licons,https://marketplace.logitech.com/resources/1/Loupedeck_Creativity_Icons_1_0_0_deb7a7f9f6.licons,515541,ca6b7e462330ac599ce2e681b17bb07e7a891cb894d98adec7b7c0407fe609f8,2026-09-09T07:41:32.073Z
v59,Loupedeck_DNLMIDI,DNLMidi,Loupedeck_DNLMIDI_Plugin_ddac02ae60.lplug4,https://marketplace.logitech.com/resources/1/Loupedeck_DNLMIDI_Plugin_ddac02ae60.lplug4,1644139,6b5d191d71a5f2c48fa6e14e9deb30946d85294192e48b943f294df8c0e87570,2026-09-09T07:42:09.496Z
v59,LoupedeckGeneralIcons,Loupedeck General Icons,Loupedeck_General_Icons_1_0_0_19e06fe21c.licons,https://marketplace.logitech.com/resources/1/Loupedeck_General_Icons_1_0_0_19e06fe21c.licons,322734,adb4c2e3f70a750f1733eb33afceb008360965027afffb691c4d813ace1e200d,2026-09-09T07:41:32.817Z
v59,GoXLR,GoXlr Plugin,Loupedeck_Go_XLR_Plugin_3f5551434f.lplug4,https://marketplace.logitech.com/resources/1/Loupedeck_Go_XLR_Plugin_3f5551434f.lplug4,1500032,08a834123d9cfa9880d57fcf14c40c235242aaf20e32f51b59309216a34699b6,2026-09-09T07:42:11.288Z
v59,LoupedeckMediaIcons,Loupedeck Media Icons,Loupedeck_Media_Icons_1_0_0_988b19af6e.licons,https://marketplace.logitech.com/resources/1/Loupedeck_Media_Icons_1_0_0_988b19af6e.licons,47512,a603596161034283791b064e0d56360eb4231062c25fbd84b602404d73c076e7,2026-09-09T07:41:33.537Z
v59,LumiaStream,LumiaStream,Lumia_Stream_0ed45fa89b.lplug4,https://marketplace.logitech.com/resources/1/Lumia_Stream_0ed45fa89b.lplug4,1629361,6f5fdadb8e566e25c93c0fc3caa19a8734fe552bfbcd25513bee48f84a55d7bc,2026-09-09T07:42:16.151Z
v59,Metro,Windows Store Applications,Metro_aefe0ea368.lplug4,https://marketplace.logitech.com/resources/1/Metro_aefe0ea368.lplug4,2259211,b0b00de77bfbeb1b091169940e9a1b7891e6ff9acc37f10f6fe130353781e9ce,2026-09-09T07:42:39.767Z
v59,MicrosoftExcelIconSampler,Microsoft Excel Icon Sampler,Microsoft_Excel_Icon_Sampler_1_0_d5a4f68556.licons,https://marketplace.logitech.com/resources/1/Microsoft_Excel_Icon_Sampler_1_0_d5a4f68556.licons,439228,5e5432574a0d74120fa3582e39eb91929fd2b974e04eb1421f626bfd5446a29d,2026-09-09T07:41:34.555Z
v59,MicrosoftFlightSim2020,MS Flight Sim 2020,Microsoft_Flight_Sim_2020_1_0_65cd45b6fe.licons,https://marketplace.logitech.com/resources/1/Microsoft_Flight_Sim_2020_1_0_65cd45b6fe.licons,205600,2ed29e0e0f335817ba3008246ed468334df461e11c0753cf961c2e380c6e1509,2026-09-09T07:41:36.783Z
v59,MicrosoftPowerPointIconSampler,Microsoft PowerPoint Icon Sampler,Microsoft_Power_Point_Icon_Sampler_1_0_2fd67d6929.licons,https://marketplace.logitech.com/resources/1/Microsoft_Power_Point_Icon_Sampler_1_0_2fd67d6929.licons,374166,3aa2db8f4acac7544c77135c7db196090ad2ae82e2bc2c078b36c7d75c3227b4,2026-09-09T07:41:35.320Z
v59,MicrosoftTeams,Microsoft Teams,Microsoft_Teams_7850ffd4b4.lplug4,https://marketplace.logitech.com/resources/1/Microsoft_Teams_7850ffd4b4.lplug4,2112193,9f50da2b05e4f1567964aff9ede98d6abea7320efb6ba4cc03a90efcee5c6e29,2026-09-09T07:42:17.057Z
v59,MicrosoftWordIconSampler,Microsoft Word Icon Sampler,Microsoft_Word_Icon_Sampler_1_0_7f71670cfc.licons,https://marketplace.logitech.com/resources/1/Microsoft_Word_Icon_Sampler_1_0_7f71670cfc.licons,516846,b2c21fd0f1c01b0c65d6b77f6a5e147abfa0e760bb526679ccc7a070d7df78a8,2026-09-09T07:41:36.047Z
v59,MixItUp,Mix It Up,Mix_It_Up_f2395fed93.lplug4,https://marketplace.logitech.com/resources/1/Mix_It_Up_f2395fed93.lplug4,1823344,98275937bf6c48d338e173637a6a2759ba1591238c9a9d9f4c8ac6f59486d340,2026-09-09T07:42:17.986Z
v59,RevelatorIo24,PreSonus Revelator Plugin,multi_rev5_Revelator_io24_Loupedeck_c63e055f08.lplug4,https://marketplace.logitech.com/resources/1/multi_rev5_Revelator_io24_Loupedeck_c63e055f08.lplug4,1979426,0a10a8f96dad7ac34e4879f970775e9a7d33a5b568c0bb58e912bc30fee94c63,2026-09-09T07:42:24.364Z
v59,MusicNotes,Music Notes Sample,Music_Notes_7d5bdcc687.licons,https://marketplace.logitech.com/resources/1/Music_Notes_7d5bdcc687.licons,69615,86f18ca6e015bcfe55bf706c03e83021cabc003dc9ce02cbd0fa24b788f1e2d6,2026-09-09T07:41:37.511Z
v59,MuteDeck,MuteDeck for Zoom,Mute_Deck_82ca7c00e5.lplug4,https://marketplace.logitech.com/resources/1/Mute_Deck_82ca7c00e5.lplug4,2070653,f3b97109517bd6228efa7fcf6b2b9c0de88a779d8affa41f8d02fe3dcd448ffa,2026-09-09T07:42:18.860Z
v59,NanoleafControl,Nanoleaf Control,Nanoleaf_Control_db778ec120.lplug4,https://marketplace.logitech.com/resources/1/Nanoleaf_Control_db778ec120.lplug4,2282185,3a5cdf0acaffdb3cd90b96f4f9917b74030ac2b2178dd4bdb38f0ed5512a00a7,2026-09-09T07:42:19.772Z
v59,NeonStreamingIcons,Neon Streaming Icons,Neon_Streaming_Icons_1_0_0ae6dd952a.licons,https://marketplace.logitech.com/resources/1/Neon_Streaming_Icons_1_0_0ae6dd952a.licons,2748935,c446cde8e06742d6d14261c6dcaf5bf3005d3882c203da4fef7fd17288df4277,2026-09-09T07:41:38.007Z
v59,NUMBERSTYLES,Number Styles,NUMBERSTYLES_15bfaf5f34.licons,https://marketplace.logitech.com/resources/1/NUMBERSTYLES_15bfaf5f34.licons,11431037,3e4cb40a46bd4bebcf6e1a22f26199678bfc6cb38315eecd6c78a5edf7bcd2f5,2026-09-09T07:41:39.003Z
v59,ONENOTE365,OneNote 365 Icon Sample,ONENOTE_365_1_0_721cefffbe.licons,https://marketplace.logitech.com/resources/1/ONENOTE_365_1_0_721cefffbe.licons,147314,cf49edb4ac48e31d6b627c962c50f5a627763a0cce4984e07f8820c4c30550c2,2026-09-09T07:41:40.644Z
v59,OUTLOOK365,Outlook 365 Icon Sample,OUTLOOK_365_1_0_ff1f567a56.licons,https://marketplace.logitech.com/resources/1/OUTLOOK_365_1_0_ff1f567a56.licons,133228,a86068da9a988f4dc20302eae59aa70c429eff44acd71e72bdd01315015c018d,2026-09-09T07:41:41.281Z
v59,OWN3DBlackWhite,Black and White Icons,OWN_3_D_Black_White_1_0_0_dba4751dc1.licons,https://marketplace.logitech.com/resources/1/OWN_3_D_Black_White_1_0_0_dba4751dc1.licons,1635143,caeeb3c5be543def1e0ed3ef0cb4f02b65a7c0e4aaf870df31295be5d19597c0,2026-09-09T07:41:10.306Z
v59,OWN3DGlitchPro,GlitchPro Icons,OWN_3_D_Glitch_Pro_1_0_c9eff0b150.licons,https://marketplace.logitech.com/resources/1/OWN_3_D_Glitch_Pro_1_0_c9eff0b150.licons,10283630,2968ef6e76ec1f05d8c1b56e0976711ed158f6437a5c6dcb75cbfe1b922ac86e,2026-09-09T07:41:23.093Z
v59,OWN3DUnique,Unique Icons,OWN_3_D_Unique_1_0_41b5aa87d6.licons,https://marketplace.logitech.com/resources/1/OWN_3_D_Unique_1_0_41b5aa87d6.licons,17991188,99c6d4d05c73b2ac41c27cf4ae7836ca5dd4abf836268426722e0188ffb56497,2026-09-09T07:41:55.749Z
v59,PATTERN,Pattern Icon Pack,PATTERN_40de0a211f.licons,https://marketplace.logitech.com/resources/1/PATTERN_40de0a211f.licons,13292638,6ef1327f29e1bb4eccaa6caecbe11192506d548a6cd8524b5cee5f70ea92b5f6,2026-09-09T07:41:42.018Z
v59,Photomechanic,Photo Mechanic,Photo_Mechanic_CT_Win_0d53ff80dd.lp5,https://marketplace.logitech.com/resources/1/Photo_Mechanic_CT_Win_0d53ff80dd.lp5,21704,df33714b548cd609270b4e105b35e016f4a63f999467962f1d67df8ed72af0fc,2026-09-09T07:43:07.546Z
v59,Photoshop,Photoshop,Photoshop_9fd428e83a.lplug4,https://marketplace.logitech.com/resources/3/5/Photoshop_9fd428e83a.lplug4,1692095,f972352980765c7760299bd6b82ddd1b53c8fa96d2dd1c1485a3ea797e599350,2026-09-09T07:42:21.728Z
v59,PhotoshopIconSampler,Photoshop Icon Sampler,Photoshop_Icon_Sampler_1_0_0fe77f9eaf.licons,https://marketplace.logitech.com/resources/1/Photoshop_Icon_Sampler_1_0_0fe77f9eaf.licons,536646,0724d982a9dbb19830f72c785c4c897408a2df6fac8c770de6360585cc1f22e0,2026-09-09T07:41:43.666Z
v59,PixInsight,PixInsight,Pix_Insight_2824648f9d.lp5,https://marketplace.logitech.com/resources/1/Pix_Insight_2824648f9d.lp5,574612,55392d30db9f5054de30d54a6f9ae5195ef0dc69c305fc73d0f689efac447d93,2026-09-09T07:43:08.533Z
v59,Pixera,Pixera,Pixera_1_0_0_d9f207917f.lplug4,https://marketplace.logitech.com/resources/1/Pixera_1_0_0_d9f207917f.lplug4,1012427,c39b50750bc4470496aaee7f0c7c867b49b29c3da0b82ef4dee72faeffc2b341,2026-09-09T07:42:22.629Z
v59,pixinsightwin,PixInsight,pixinsightwin_072e195c48.lp5,https://marketplace.logitech.com/resources/1/pixinsightwin_072e195c48.lp5,612793,71bf3dc7c98b09cc0febfbcfd59a67a988ea26e2d54182b7bc7b5047fabb2880,2026-09-09T07:43:09.317Z
v59,POKEMONGO,Pokémon GO Icon Sample,POKEMONGO_1_0_5b4e9ef233.licons,https://marketplace.logitech.com/resources/1/POKEMONGO_1_0_5b4e9ef233.licons,249378,e72696dcfdf3eeaf6b062748ba25b004841a07b66d29a8bb7c9c22bd185215f4,2026-09-09T07:41:44.465Z
v59,PowerToys,PowerToys Plugin,Power_Toys_6b9bc200a7.lplug4,https://marketplace.logitech.com/resources/1/Power_Toys_6b9bc200a7.lplug4,1853143,1794ffe0f60b5af7ba00af403027c230b859c02e8baea32b2b009a9d0b8c1907,2026-09-09T07:42:23.465Z
v59,Powerpoint,Powerpoint,Powerpoint_e4a3236bb5.lp5,https://marketplace.logitech.com/resources/1/Powerpoint_e4a3236bb5.lp5,22385,d4ce47f62f0068c3e11d36df5c86e3f82706bff73c9840dbfa442e6988dcf625,2026-09-09T07:43:10.503Z
v59,PremiereProIconSampler,Premiere Pro Icon Sampler,Premiere_Pro_Icon_Sampler_1_0_0b42ba375c.licons,https://marketplace.logitech.com/resources/1/Premiere_Pro_Icon_Sampler_1_0_0b42ba375c.licons,565948,8219afa33dc32eac45c11b1480fd1eb2bf72850a96e9008aff1e3a3ae3ee6805,2026-09-09T07:41:45.186Z
v59,Productivityartwork,Productivity,Productivity_art_work_1_0_7f50a9476f.licons,https://marketplace.logitech.com/resources/1/Productivity_art_work_1_0_7f50a9476f.licons,76480,373c3b42159666f362976a3329d28c0d3825789208d7af1aeed192c845a24142,2026-09-09T07:41:45.987Z
v59,PROJECT365,Project 365 Icon Sample,PROJECT_365_1_0_4de36d0330.licons,https://marketplace.logitech.com/resources/1/PROJECT_365_1_0_4de36d0330.licons,131000,781efd4136c1acd9d7a043021c7a6f049bb83862f98ea19bfbbb464238986d81,2026-09-09T07:41:46.571Z
v59,PTZoptics,PTZoptics,ptzoptics_b624e1c099.lp5,https://marketplace.logitech.com/resources/1/ptzoptics_b624e1c099.lp5,131325,0829174a14238a2beda0151c8b97240219f4ab7ead54085aab2512e9c843c344,2026-09-09T07:43:11.927Z
v59,QLab,QLab,Q_Lab5_Projectile_Objects_Profile_5111ca7560.lp5,https://marketplace.logitech.com/resources/1/Q_Lab5_Projectile_Objects_Profile_5111ca7560.lp5,1496536,7841608d0e195f350d8890edaeaeb40e0e6deb9f21e6404d742d34f9e6ebb20b,2026-09-09T07:43:12.566Z
v59,Reaper,Reaper,Reaper_a9942ecbd7.lp5,https://marketplace.logitech.com/resources/1/Reaper_a9942ecbd7.lp5,26697,c7624a8129e9324e06a8b3d3fb5a7d6fef2885b297c6e032efc8ddaa0bbd608c,2026-09-09T07:43:13.429Z
v59,RelicStreamingIcons,Relic Streaming Icons,Relic_Streaming_Icons_1_0_f3ab769d62.licons,https://marketplace.logitech.com/resources/1/Relic_Streaming_Icons_1_0_f3ab769d62.licons,2723918,bddf40d1d46723ddb7386411c382466538a6b975f5313b6437597af9a210135b,2026-09-09T07:41:47.301Z
v59,StarCitizen,Star Citizen,Salt_E_Mike_s_Star_Citizen_Profile_v3_23_0_c77acdd03f.lp5,https://marketplace.logitech.com/resources/Salt_E_Mike_s_Star_Citizen_Profile_v3_23_0_c77acdd03f.lp5,1272952,1bd689e960dfadc45716f1a0f326d6e135fadbacdf46b84baffc049e20655432,2026-09-09T07:43:15.833Z
v59,SimRacer,Sim Racer,Sim_Racer_1_0_6cc9a0d0b0.licons,https://marketplace.logitech.com/resources/1/Sim_Racer_1_0_6cc9a0d0b0.licons,188602,5296ee9d8a791219f0d2597bb7a35bb4ca5677cdc24d446f4e3153f5454a8e8b,2026-09-09T07:41:48.259Z
v59,Slack,Slack,Slack_CT_Win_54c640d79f.lp5,https://marketplace.logitech.com/resources/1/Slack_CT_Win_54c640d79f.lp5,23728,adfbfc28afd4a6e8dce4740dd8e9a3ae4d1e1fd934db92b81e05543177b069cb,2026-09-09T07:43:15.398Z
v59,SmartHome,Smart Home Icon Sample,Smart_Home_magenta_1_0_115acae62a.licons,https://marketplace.logitech.com/resources/1/Smart_Home_magenta_1_0_115acae62a.licons,114383,59cc28a8e22e9fef97a4f42657d5805d78899b22fff9d3fd8f3857c0efd9d50d,2026-09-09T07:41:48.928Z
v59,SmartSwitch,Smart Switch Icons,Smart_Switch_33bc59b828.licons,https://marketplace.logitech.com/resources/1/Smart_Switch_33bc59b828.licons,152657,4c4c2d1d38450d7c2aea051e40b3b47ac1c36583e66b47948fe2a07f8b150e18,2026-09-09T07:41:49.523Z
v59,SoundController,SoundController,Sound_Controller_0aa45a4a05.lplug4,https://marketplace.logitech.com/resources/1/Sound_Controller_0aa45a4a05.lplug4,1778025,92d51f65a74a8a99cc811d9fc0b4740e27f27b671009f3270696db24a47bd142,2026-09-09T07:42:29.332Z
v59,Spotify,Spotify Premium,Spotify_75f83fe530.lplug4,https://marketplace.logitech.com/resources/1/Spotify_75f83fe530.lplug4,12813221,9d2b8ee76335a8049fb365a2fc030a57f26a6d9b53ac54cb214bf331896dd8e2,2026-09-09T07:42:30.266Z
v59,StarCitizenminingicons,Star Citizen mining icons,Star_Citizen_mining_icons_1_0_c5e056a847.licons,https://marketplace.logitech.com/resources/1/Star_Citizen_mining_icons_1_0_c5e056a847.licons,1168823,3972dd95213f57d6ee06b2d1c84df75c9edd475e7b8467db8a05299b2f3d90da,2026-09-09T07:41:50.143Z
v59,StreamTimer,StreamTimer Controller,Stream_Timer_40aaf91841.lplug4,https://marketplace.logitech.com/resources/1/Stream_Timer_40aaf91841.lplug4,112873,e265e35f440c8df810149e42c10c5729da7122adfa75611452cdbd62c48921c8,2026-09-09T07:42:33.381Z
v59,StreamerBot,Streamer.bot,Streamer_Bot_Plugin_1_0_2_6947068b82.lplug4,https://marketplace.logitech.com/resources/1/Streamer_Bot_Plugin_1_0_2_6947068b82.lplug4,1373516,860f9c6c4c600dff9364058462c2d0091da988c71a92fad6332993ec246ddbd3,2026-09-09T07:42:31.953Z
v59,BlerpJumpscares,Jump Scares SoundPack,streamer_jumpscares_770b656e55.lsounds,https://marketplace.logitech.com/resources/1/streamer_jumpscares_770b656e55.lsounds,242684,11d5caadde8da9225f6b711b44a684ce7408d68f3b9da0e37cee2e629e7b1efb,2026-09-09T07:43:22.250Z
v59,BlerpReactions,Twitch Sound Emotes,streamer_reactions_blerp_soundpack_7840037569.lsounds,https://marketplace.logitech.com/resources/1/streamer_reactions_blerp_soundpack_7840037569.lsounds,310891,16aadd4a664cc42bebc9ef1b0a258a0904d7dbe611e669c5be03d3adfd6497ee,2026-09-09T07:43:23.681Z
v59,BlerpStarter,Streamer Starter Pack,streamer_starter_pck_14238e9873.lsounds,https://marketplace.logitech.com/resources/1/streamer_starter_pck_14238e9873.lsounds,237704,db82464ef7069cf26e94ffe245f4b38355a72f1b9e2a49c91ff8714d9be9cc74,2026-09-09T07:43:22.983Z
v59,StreamersEverydays,Streamers-Everydays,Streamers_Everydays_1_0_a32c51dbaf.licons,https://marketplace.logitech.com/resources/1/Streamers_Everydays_1_0_a32c51dbaf.licons,23221197,adda58102708ae2872ce403160148f3da8e7a42dccc36ab5f3eb97803c92334e,2026-09-09T07:41:51.032Z
v59,Streamlabs,Streamlabs Desktop,Streamlabs_63c2eeb4d4.lplug4,https://marketplace.logitech.com/resources/1/Streamlabs_63c2eeb4d4.lplug4,135533,b98a6cd31ac11edfe108b58e02ebf2dafb421dbf256d14981b9e00e0fa626b5a,2026-09-09T07:42:32.760Z
v59,SuperheroStreamingIcons,Superhero Streaming Icons,Superhero_Streaming_Icons_1_0_d2f5fa3ef5.licons,https://marketplace.logitech.com/resources/1/Superhero_Streaming_Icons_1_0_d2f5fa3ef5.licons,1820269,f3ee27c6c310f75a7806d4eeb2e164783cdd5969081a7ad6b96a73d979206b81,2026-09-09T07:41:53.463Z
v59,SynapseControl,Razer Synapse Control,Synapse_Control_d277d73cab.lplug4,https://marketplace.logitech.com/resources/3/Synapse_Control_d277d73cab.lplug4,3808866,27fd121b2af585d39cf539cd6bf3f3070a6a7bcedaf0c1d379b83d5032554b9a,2026-09-09T07:42:28.284Z
v59,SystemOfficeIconSample,System Office Icon Sample,System_Icon_Sample_Office_1_0_d579748c34.licons,https://marketplace.logitech.com/resources/1/System_Icon_Sample_Office_1_0_d579748c34.licons,127836,762895cc34d06c5fe56ee37b7085d91d969cd157c3976a93d6a40d49cb6deedd,2026-09-09T07:41:54.421Z
v59,TEAMSicons,Teams Icon Sample,TEAM_Sicons_1_0_dee8c1cb54.licons,https://marketplace.logitech.com/resources/1/TEAM_Sicons_1_0_dee8c1cb54.licons,276205,76dcac8c0aa7e4d2e5cf85d86e94ac22e7cee512cecb649a5bd243f1d4e3630b,2026-09-09T07:41:55.065Z
v59,TEAMS3D,Animated Teams 3D Emojis Icon Sample,TEAMS_3_D_1_0_3cce42dabf.licons,https://marketplace.logitech.com/resources/1/TEAMS_3_D_1_0_3cce42dabf.licons,12956940,4593113694f49c0e398e44533a4e9c34c66e5c9cf0a0b603583eec5771f9722e,2026-09-09T07:41:03.224Z
v59,TotalMix,TotalMix,Total_Mix_6ed5575d8e.lplug4,https://marketplace.logitech.com/resources/1/Total_Mix_6ed5575d8e.lplug4,3722584,d528d846192ba0c7ed205d898782b644835f8520dda75bbb6e87e9449a42a301,2026-09-09T07:42:34.012Z
v59,TwitchStudio,Twitch Studio,Twitch_Studio_c1ff50d70c.lplug4,https://marketplace.logitech.com/resources/1/Twitch_Studio_c1ff50d70c.lplug4,1696442,183f73472112bf4fe2e5ddfce66759b6fef99b1fc83780cd0b854c68cecdd7c5,2026-09-09T07:42:35.899Z
v59,VISIO365,Visio 365 Icon Sample,VISIO_365_1_0_36be0ca1da.licons,https://marketplace.logitech.com/resources/1/VISIO_365_1_0_36be0ca1da.licons,106357,2f99fd74fe5d4aebf021436c782deeeb1003a81fe910bbd7b42b0ce94182f05b,2026-09-09T07:41:57.579Z
v59,Vlc,VLC media player,Vlc_1_3_0_14d3b050c4.lplug4,https://marketplace.logitech.com/resources/3/5/Vlc_1_3_0_14d3b050c4.lplug4,96475,b40fede33971914f5a0634b2c1683eac0205dcf8d6941798416cefead23a531a,2026-09-09T07:42:36.827Z
v59,VLCMediaPlayerIcon,VLC Media Player,VLC_Media_Player_Icons_a7becdf6f8.licons,https://marketplace.logitech.com/resources/1/VLC_Media_Player_Icons_a7becdf6f8.licons,71346,862d73a696541e28d447d4d9133e60e587ba7f1ffc83ed20ceb4f39ce8c5671e,2026-09-09T07:41:58.173Z
v59,Voicemod,Voicemod,Voicemod_Plugin_679eca79cc.lplug4,https://marketplace.logitech.com/resources/1/Voicemod_Plugin_679eca79cc.lplug4,1550224,ee23d07c377ec837c5b4e6a1290c0b35346b6bdfb0fe8179820fe09ad75b6167,2026-09-09T07:42:37.438Z
v59,VoicySoundFX,Voicy Sound FX for Streamers,Voicy_Sound_FX_88fde9e027.lsounds,https://marketplace.logitech.com/resources/1/Voicy_Sound_FX_88fde9e027.lsounds,1547319,9321069a23ad5fd8b665077d7cc2350854095c235ef19d9c91af84a64dfa3356,2026-09-09T07:43:24.377Z
v59,VoicySoundMemes,Voicy Sound Memes for Streamers,Voicy_Sound_Memes_68a2594e78.lsounds,https://marketplace.logitech.com/resources/1/Voicy_Sound_Memes_68a2594e78.lsounds,1167761,87aad5b1ec74279be25848ee4f38928021408280a60d6697166d234258c1a591,2026-09-09T07:43:25.196Z
v59,VolumeControl,VolumeControl Plugin,Volume_Control_bfa0e22369.lplug4,https://marketplace.logitech.com/resources/1/Volume_Control_bfa0e22369.lplug4,1799800,fc62ddc8f438b8f8aaade5c30b679efe01b782f2ac66d98519e5bfd6bcda865e,2026-09-09T07:42:38.355Z
v59,WinAudio,WinAudio,Win_Audio_f0a9f1e095.lplug4,https://marketplace.logitech.com/resources/1/Win_Audio_f0a9f1e095.lplug4,24671,661aa1667f429a332a820737f63a44f22f9e08603131b75217ca7a63ac9e70eb,2026-09-09T07:42:39.252Z
v59,Windows98,Windows 98 SE Icon Sample,Windows98_be5c3d7805.licons,https://marketplace.logitech.com/resources/1/Windows98_be5c3d7805.licons,43828,68585e8422819eb7ed69a739d67ebf3c1875be851924089f5d356f7d47447186,2026-09-09T07:41:58.663Z
v59,WorldClock,WorldClock,World_Clock_02f8c0e2ca.lplug4,https://marketplace.logitech.com/resources/1/World_Clock_02f8c0e2ca.lplug4,7870737,3c2bcf6f1273064dfd97f19a8b49aba8fffb935b65457a1d306bdc2f88d26152,2026-09-09T07:42:40.693Z
v59,YTMDesktop,Youtube Music Desktop,YTM_Desktop_068438a27d.lplug4,https://marketplace.logitech.com/resources/1/YTM_Desktop_068438a27d.lplug4,686727,108e05b55cbe9ba68d705ed3e4023a23970bcf1eabbe582efcc5cc5097922f85,2026-09-09T07:42:42.191Z
v59,ZoomIcons,Zoom Icons,Zoom_Icons_1_0_47301057bd.licons,https://marketplace.logitech.com/resources/1/Zoom_Icons_1_0_47301057bd.licons,544712,7c8188e0277058138b0d212ae229a8119deb59f4083e599edc1a5d6592c96e82,2026-09-09T07:41:59.157Z
